Dia_semana,Dia,ConsumoDia
L,0000-00-00,0.0
X,2014-01-01,24.015384615384615
J,2014-01-02,24.015384615384615
V,2014-01-03,24.015384615384615
S,2014-01-04,24.015384615384615
D,2014-01-05,24.015384615384615
L,2014-01-06,24.015384615384615
M,2014-01-07,24.015384615384615
X,2014-01-08,24.015384615384615
J,2014-01-09,24.015384615384615
V,2014-01-10,24.015384615384615
S,2014-01-11,24.015384615384615
D,2014-01-12,24.015384615384615
L,2014-01-13,24.015384615384615
M,2014-01-14,24.015384615384615
X,2014-01-15,24.015384615384615
J,2014-01-16,24.015384615384615
V,2014-01-17,24.015384615384615
S,2014-01-18,24.015384615384615
D,2014-01-19,24.015384615384615
L,2014-01-20,24.015384615384615
M,2014-01-21,24.015384615384615
X,2014-01-22,24.015384615384615
J,2014-01-23,24.015384615384615
V,2014-01-24,24.015384615384615
S,2014-01-25,24.015384615384615
D,2014-01-26,24.015384615384615
L,2014-01-27,24.015384615384615
M,2014-01-28,24.015384615384615
X,2014-01-29,24.015384615384615
J,2014-01-30,24.015384615384615
V,2014-01-31,24.015384615384615
S,2014-02-01,24.015384615384615
D,2014-02-02,24.015384615384615
L,2014-02-03,24.015384615384615
M,2014-02-04,24.015384615384615
X,2014-02-05,24.015384615384615
J,2014-02-06,24.015384615384615
V,2014-02-07,33.813559322033896
S,2014-02-08,33.813559322033896
D,2014-02-09,33.813559322033896
L,2014-02-10,33.813559322033896
M,2014-02-11,33.813559322033896
X,2014-02-12,33.813559322033896
J,2014-02-13,33.813559322033896
V,2014-02-14,33.813559322033896
S,2014-02-15,33.813559322033896
D,2014-02-16,33.813559322033896
L,2014-02-17,33.813559322033896
M,2014-02-18,33.813559322033896
X,2014-02-19,33.813559322033896
J,2014-02-20,33.813559322033896
V,2014-02-21,33.813559322033896
S,2014-02-22,33.813559322033896
D,2014-02-23,33.813559322033896
L,2014-02-24,33.813559322033896
M,2014-02-25,33.813559322033896
X,2014-02-26,33.813559322033896
J,2014-02-27,33.813559322033896
V,2014-02-28,33.813559322033896
S,2014-03-01,33.813559322033896
D,2014-03-02,33.813559322033896
L,2014-03-03,33.813559322033896
M,2014-03-04,33.813559322033896
X,2014-03-05,33.813559322033896
J,2014-03-06,33.813559322033896
V,2014-03-07,33.813559322033896
S,2014-03-08,33.813559322033896
D,2014-03-09,33.813559322033896
L,2014-03-10,33.813559322033896
M,2014-03-11,33.813559322033896
X,2014-03-12,33.813559322033896
J,2014-03-13,33.813559322033896
V,2014-03-14,33.813559322033896
S,2014-03-15,33.813559322033896
D,2014-03-16,33.813559322033896
L,2014-03-17,33.813559322033896
M,2014-03-18,33.813559322033896
X,2014-03-19,33.813559322033896
J,2014-03-20,33.813559322033896
V,2014-03-21,33.813559322033896
S,2014-03-22,33.813559322033896
D,2014-03-23,33.813559322033896
L,2014-03-24,33.813559322033896
M,2014-03-25,33.813559322033896
X,2014-03-26,33.813559322033896
J,2014-03-27,33.813559322033896
V,2014-03-28,33.813559322033896
S,2014-03-29,33.813559322033896
D,2014-03-30,33.813559322033896
L,2014-03-31,33.813559322033896
M,2014-04-01,33.813559322033896
X,2014-04-02,33.813559322033896
J,2014-04-03,33.813559322033896
V,2014-04-04,33.813559322033896
S,2014-04-05,33.813559322033896
D,2014-04-06,33.813559322033896
L,2014-04-07,32.6875
M,2014-04-08,32.6875
X,2014-04-09,32.6875
J,2014-04-10,32.6875
V,2014-04-11,32.6875
S,2014-04-12,32.6875
D,2014-04-13,32.6875
L,2014-04-14,32.6875
M,2014-04-15,32.6875
X,2014-04-16,32.6875
J,2014-04-17,32.6875
V,2014-04-18,32.6875
S,2014-04-19,32.6875
D,2014-04-20,32.6875
L,2014-04-21,32.6875
M,2014-04-22,32.6875
X,2014-04-23,32.6875
J,2014-04-24,32.6875
V,2014-04-25,32.6875
S,2014-04-26,32.6875
D,2014-04-27,32.6875
L,2014-04-28,32.6875
M,2014-04-29,32.6875
X,2014-04-30,32.6875
J,2014-05-01,32.6875
V,2014-05-02,32.6875
S,2014-05-03,32.6875
D,2014-05-04,32.6875
L,2014-05-05,32.6875
M,2014-05-06,32.6875
X,2014-05-07,32.6875
J,2014-05-08,32.6875
V,2014-05-09,32.6875
S,2014-05-10,32.6875
D,2014-05-11,32.6875
L,2014-05-12,32.6875
M,2014-05-13,32.6875
X,2014-05-14,32.6875
J,2014-05-15,32.6875
V,2014-05-16,32.6875
S,2014-05-17,32.6875
D,2014-05-18,32.6875
L,2014-05-19,32.6875
M,2014-05-20,32.6875
X,2014-05-21,32.6875
J,2014-05-22,32.6875
V,2014-05-23,32.6875
S,2014-05-24,32.6875
D,2014-05-25,32.6875
L,2014-05-26,32.6875
M,2014-05-27,32.6875
X,2014-05-28,32.6875
J,2014-05-29,32.6875
V,2014-05-30,32.6875
S,2014-05-31,32.6875
D,2014-06-01,32.6875
L,2014-06-02,32.6875
M,2014-06-03,32.6875
X,2014-06-04,32.6875
J,2014-06-05,32.6875
V,2014-06-06,32.6875
S,2014-06-07,32.6875
D,2014-06-08,32.6875
L,2014-06-09,32.6875
M,2014-06-10,34.86440677966102
X,2014-06-11,34.86440677966102
J,2014-06-12,34.86440677966102
V,2014-06-13,34.86440677966102
S,2014-06-14,34.86440677966102
D,2014-06-15,34.86440677966102
L,2014-06-16,34.86440677966102
M,2014-06-17,34.86440677966102
X,2014-06-18,34.86440677966102
J,2014-06-19,34.86440677966102
V,2014-06-20,34.86440677966102
S,2014-06-21,34.86440677966102
D,2014-06-22,34.86440677966102
L,2014-06-23,34.86440677966102
M,2014-06-24,34.86440677966102
X,2014-06-25,34.86440677966102
J,2014-06-26,34.86440677966102
V,2014-06-27,34.86440677966102
S,2014-06-28,34.86440677966102
D,2014-06-29,34.86440677966102
L,2014-06-30,34.86440677966102
M,2014-07-01,34.86440677966102
X,2014-07-02,34.86440677966102
J,2014-07-03,34.86440677966102
V,2014-07-04,34.86440677966102
S,2014-07-05,34.86440677966102
D,2014-07-06,34.86440677966102
L,2014-07-07,34.86440677966102
M,2014-07-08,34.86440677966102
X,2014-07-09,34.86440677966102
J,2014-07-10,34.86440677966102
V,2014-07-11,34.86440677966102
S,2014-07-12,34.86440677966102
D,2014-07-13,34.86440677966102
L,2014-07-14,34.86440677966102
M,2014-07-15,34.86440677966102
X,2014-07-16,34.86440677966102
J,2014-07-17,34.86440677966102
V,2014-07-18,34.86440677966102
S,2014-07-19,34.86440677966102
D,2014-07-20,34.86440677966102
L,2014-07-21,34.86440677966102
M,2014-07-22,34.86440677966102
X,2014-07-23,34.86440677966102
J,2014-07-24,34.86440677966102
V,2014-07-25,34.86440677966102
S,2014-07-26,34.86440677966102
D,2014-07-27,34.86440677966102
L,2014-07-28,34.86440677966102
M,2014-07-29,34.86440677966102
X,2014-07-30,34.86440677966102
J,2014-07-31,34.86440677966102
V,2014-08-01,34.86440677966102
S,2014-08-02,34.86440677966102
D,2014-08-03,34.86440677966102
L,2014-08-04,34.86440677966102
M,2014-08-05,34.86440677966102
X,2014-08-06,34.86440677966102
J,2014-08-07,34.86440677966102
V,2014-08-08,49.03333333333333
S,2014-08-09,49.03333333333333
D,2014-08-10,49.03333333333333
L,2014-08-11,49.03333333333333
M,2014-08-12,49.03333333333333
X,2014-08-13,49.03333333333333
J,2014-08-14,49.03333333333333
V,2014-08-15,49.03333333333333
S,2014-08-16,49.03333333333333
D,2014-08-17,49.03333333333333
L,2014-08-18,49.03333333333333
M,2014-08-19,49.03333333333333
X,2014-08-20,49.03333333333333
J,2014-08-21,49.03333333333333
V,2014-08-22,49.03333333333333
S,2014-08-23,49.03333333333333
D,2014-08-24,49.03333333333333
L,2014-08-25,49.03333333333333
M,2014-08-26,49.03333333333333
X,2014-08-27,49.03333333333333
J,2014-08-28,49.03333333333333
V,2014-08-29,49.03333333333333
S,2014-08-30,49.03333333333333
D,2014-08-31,49.03333333333333
L,2014-09-01,49.03333333333333
M,2014-09-02,49.03333333333333
X,2014-09-03,49.03333333333333
J,2014-09-04,49.03333333333333
V,2014-09-05,49.03333333333333
S,2014-09-06,49.03333333333333
D,2014-09-07,49.03333333333333
L,2014-09-08,49.03333333333333
M,2014-09-09,49.03333333333333
X,2014-09-10,49.03333333333333
J,2014-09-11,49.03333333333333
V,2014-09-12,49.03333333333333
S,2014-09-13,49.03333333333333
D,2014-09-14,49.03333333333333
L,2014-09-15,49.03333333333333
M,2014-09-16,49.03333333333333
X,2014-09-17,49.03333333333333
J,2014-09-18,49.03333333333333
V,2014-09-19,49.03333333333333
S,2014-09-20,49.03333333333333
D,2014-09-21,49.03333333333333
L,2014-09-22,49.03333333333333
M,2014-09-23,49.03333333333333
X,2014-09-24,49.03333333333333
J,2014-09-25,49.03333333333333
V,2014-09-26,49.03333333333333
S,2014-09-27,49.03333333333333
D,2014-09-28,49.03333333333333
L,2014-09-29,49.03333333333333
M,2014-09-30,49.03333333333333
X,2014-10-01,49.03333333333333
J,2014-10-02,49.03333333333333
V,2014-10-03,49.03333333333333
S,2014-10-04,49.03333333333333
D,2014-10-05,49.03333333333333
L,2014-10-06,49.03333333333333
M,2014-10-07,38.43103448275862
X,2014-10-08,38.43103448275862
J,2014-10-09,38.43103448275862
V,2014-10-10,38.43103448275862
S,2014-10-11,38.43103448275862
D,2014-10-12,38.43103448275862
L,2014-10-13,38.43103448275862
M,2014-10-14,38.43103448275862
X,2014-10-15,38.43103448275862
J,2014-10-16,38.43103448275862
V,2014-10-17,38.43103448275862
S,2014-10-18,38.43103448275862
D,2014-10-19,38.43103448275862
L,2014-10-20,38.43103448275862
M,2014-10-21,38.43103448275862
X,2014-10-22,38.43103448275862
J,2014-10-23,38.43103448275862
V,2014-10-24,38.43103448275862
S,2014-10-25,38.43103448275862
D,2014-10-26,38.43103448275862
L,2014-10-27,38.43103448275862
M,2014-10-28,38.43103448275862
X,2014-10-29,38.43103448275862
J,2014-10-30,38.43103448275862
V,2014-10-31,38.43103448275862
S,2014-11-01,38.43103448275862
D,2014-11-02,38.43103448275862
L,2014-11-03,38.43103448275862
M,2014-11-04,38.43103448275862
X,2014-11-05,38.43103448275862
J,2014-11-06,38.43103448275862
V,2014-11-07,38.43103448275862
S,2014-11-08,38.43103448275862
D,2014-11-09,38.43103448275862
L,2014-11-10,38.43103448275862
M,2014-11-11,38.43103448275862
X,2014-11-12,38.43103448275862
J,2014-11-13,38.43103448275862
V,2014-11-14,38.43103448275862
S,2014-11-15,38.43103448275862
D,2014-11-16,38.43103448275862
L,2014-11-17,38.43103448275862
M,2014-11-18,38.43103448275862
X,2014-11-19,38.43103448275862
J,2014-11-20,38.43103448275862
V,2014-11-21,38.43103448275862
S,2014-11-22,38.43103448275862
D,2014-11-23,38.43103448275862
L,2014-11-24,38.43103448275862
M,2014-11-25,38.43103448275862
X,2014-11-26,38.43103448275862
J,2014-11-27,38.43103448275862
V,2014-11-28,38.43103448275862
S,2014-11-29,38.43103448275862
D,2014-11-30,38.43103448275862
L,2014-12-01,38.43103448275862
M,2014-12-02,38.43103448275862
X,2014-12-03,38.43103448275862
J,2014-12-04,31.776119402985074
V,2014-12-05,31.776119402985074
S,2014-12-06,31.776119402985074
D,2014-12-07,31.776119402985074
L,2014-12-08,31.776119402985074
M,2014-12-09,31.776119402985074
X,2014-12-10,31.776119402985074
J,2014-12-11,31.776119402985074
V,2014-12-12,31.776119402985074
S,2014-12-13,31.776119402985074
D,2014-12-14,31.776119402985074
L,2014-12-15,31.776119402985074
M,2014-12-16,31.776119402985074
X,2014-12-17,31.776119402985074
J,2014-12-18,31.776119402985074
V,2014-12-19,31.776119402985074
S,2014-12-20,31.776119402985074
D,2014-12-21,31.776119402985074
L,2014-12-22,31.776119402985074
M,2014-12-23,31.776119402985074
X,2014-12-24,31.776119402985074
J,2014-12-25,31.776119402985074
V,2014-12-26,31.776119402985074
S,2014-12-27,31.776119402985074
D,2014-12-28,31.776119402985074
L,2014-12-29,31.776119402985074
M,2014-12-30,31.776119402985074
X,2014-12-31,31.776119402985074
J,2015-01-01,31.776119402985074
V,2015-01-02,31.776119402985074
S,2015-01-03,31.776119402985074
D,2015-01-04,31.776119402985074
L,2015-01-05,31.776119402985074
M,2015-01-06,31.776119402985074
X,2015-01-07,31.776119402985074
J,2015-01-08,31.776119402985074
V,2015-01-09,31.776119402985074
S,2015-01-10,31.776119402985074
D,2015-01-11,31.776119402985074
L,2015-01-12,31.776119402985074
M,2015-01-13,31.776119402985074
X,2015-01-14,31.776119402985074
J,2015-01-15,31.776119402985074
V,2015-01-16,31.776119402985074
S,2015-01-17,31.776119402985074
D,2015-01-18,31.776119402985074
L,2015-01-19,31.776119402985074
M,2015-01-20,31.776119402985074
X,2015-01-21,31.776119402985074
J,2015-01-22,31.776119402985074
V,2015-01-23,31.776119402985074
S,2015-01-24,31.776119402985074
D,2015-01-25,31.776119402985074
L,2015-01-26,31.776119402985074
M,2015-01-27,31.776119402985074
X,2015-01-28,31.776119402985074
J,2015-01-29,31.776119402985074
V,2015-01-30,31.776119402985074
S,2015-01-31,31.776119402985074
D,2015-02-01,31.776119402985074
L,2015-02-02,31.776119402985074
M,2015-02-03,31.776119402985074
X,2015-02-04,31.776119402985074
J,2015-02-05,31.776119402985074
V,2015-02-06,31.776119402985074
S,2015-02-07,31.776119402985074
D,2015-02-08,31.776119402985074
L,2015-02-09,39.166666666666664
M,2015-02-10,39.166666666666664
X,2015-02-11,39.166666666666664
J,2015-02-12,39.166666666666664
V,2015-02-13,39.166666666666664
S,2015-02-14,39.166666666666664
D,2015-02-15,39.166666666666664
L,2015-02-16,39.166666666666664
M,2015-02-17,39.166666666666664
X,2015-02-18,39.166666666666664
J,2015-02-19,39.166666666666664
V,2015-02-20,39.166666666666664
S,2015-02-21,39.166666666666664
D,2015-02-22,39.166666666666664
L,2015-02-23,39.166666666666664
M,2015-02-24,39.166666666666664
X,2015-02-25,39.166666666666664
J,2015-02-26,39.166666666666664
V,2015-02-27,39.166666666666664
S,2015-02-28,39.166666666666664
D,2015-03-01,39.166666666666664
L,2015-03-02,39.166666666666664
M,2015-03-03,39.166666666666664
X,2015-03-04,39.166666666666664
J,2015-03-05,39.166666666666664
V,2015-03-06,39.166666666666664
S,2015-03-07,39.166666666666664
D,2015-03-08,39.166666666666664
L,2015-03-09,39.166666666666664
M,2015-03-10,39.166666666666664
X,2015-03-11,39.166666666666664
J,2015-03-12,39.166666666666664
V,2015-03-13,39.166666666666664
S,2015-03-14,39.166666666666664
D,2015-03-15,39.166666666666664
L,2015-03-16,39.166666666666664
M,2015-03-17,39.166666666666664
X,2015-03-18,39.166666666666664
J,2015-03-19,39.166666666666664
V,2015-03-20,39.166666666666664
S,2015-03-21,39.166666666666664
D,2015-03-22,39.166666666666664
L,2015-03-23,39.166666666666664
M,2015-03-24,39.166666666666664
X,2015-03-25,39.166666666666664
J,2015-03-26,39.166666666666664
V,2015-03-27,39.166666666666664
S,2015-03-28,39.166666666666664
D,2015-03-29,39.166666666666664
L,2015-03-30,39.166666666666664
M,2015-03-31,39.166666666666664
X,2015-04-01,39.166666666666664
J,2015-04-02,39.166666666666664
V,2015-04-03,39.166666666666664
S,2015-04-04,39.166666666666664
D,2015-04-05,39.166666666666664
L,2015-04-06,39.166666666666664
M,2015-04-07,39.166666666666664
X,2015-04-08,39.166666666666664
J,2015-04-09,39.166666666666664
V,2015-04-10,40.73015873015873
S,2015-04-11,40.73015873015873
D,2015-04-12,40.73015873015873
L,2015-04-13,40.73015873015873
M,2015-04-14,40.73015873015873
X,2015-04-15,40.73015873015873
J,2015-04-16,40.73015873015873
V,2015-04-17,40.73015873015873
S,2015-04-18,40.73015873015873
D,2015-04-19,40.73015873015873
L,2015-04-20,40.73015873015873
M,2015-04-21,40.73015873015873
X,2015-04-22,40.73015873015873
J,2015-04-23,40.73015873015873
V,2015-04-24,40.73015873015873
S,2015-04-25,40.73015873015873
D,2015-04-26,40.73015873015873
L,2015-04-27,40.73015873015873
M,2015-04-28,40.73015873015873
X,2015-04-29,40.73015873015873
J,2015-04-30,40.73015873015873
V,2015-05-01,40.73015873015873
S,2015-05-02,40.73015873015873
D,2015-05-03,40.73015873015873
L,2015-05-04,40.73015873015873
M,2015-05-05,40.73015873015873
X,2015-05-06,40.73015873015873
J,2015-05-07,40.73015873015873
V,2015-05-08,40.73015873015873
S,2015-05-09,40.73015873015873
D,2015-05-10,40.73015873015873
L,2015-05-11,40.73015873015873
M,2015-05-12,40.73015873015873
X,2015-05-13,40.73015873015873
J,2015-05-14,40.73015873015873
V,2015-05-15,40.73015873015873
S,2015-05-16,40.73015873015873
D,2015-05-17,40.73015873015873
L,2015-05-18,40.73015873015873
M,2015-05-19,40.73015873015873
X,2015-05-20,40.73015873015873
J,2015-05-21,40.73015873015873
V,2015-05-22,40.73015873015873
S,2015-05-23,40.73015873015873
D,2015-05-24,40.73015873015873
L,2015-05-25,40.73015873015873
M,2015-05-26,40.73015873015873
X,2015-05-27,40.73015873015873
J,2015-05-28,40.73015873015873
V,2015-05-29,40.73015873015873
S,2015-05-30,40.73015873015873
D,2015-05-31,40.73015873015873
L,2015-06-01,40.73015873015873
M,2015-06-02,40.73015873015873
X,2015-06-03,40.73015873015873
J,2015-06-04,40.73015873015873
V,2015-06-05,40.73015873015873
S,2015-06-06,40.73015873015873
D,2015-06-07,40.73015873015873
L,2015-06-08,40.73015873015873
M,2015-06-09,40.73015873015873
X,2015-06-10,40.73015873015873
J,2015-06-11,40.73015873015873
V,2015-06-12,36.847457627118644
S,2015-06-13,36.847457627118644
D,2015-06-14,36.847457627118644
L,2015-06-15,36.847457627118644
M,2015-06-16,36.847457627118644
X,2015-06-17,36.847457627118644
J,2015-06-18,36.847457627118644
V,2015-06-19,36.847457627118644
S,2015-06-20,36.847457627118644
D,2015-06-21,36.847457627118644
L,2015-06-22,36.847457627118644
M,2015-06-23,36.847457627118644
X,2015-06-24,36.847457627118644
J,2015-06-25,36.847457627118644
V,2015-06-26,36.847457627118644
S,2015-06-27,36.847457627118644
D,2015-06-28,36.847457627118644
L,2015-06-29,36.847457627118644
M,2015-06-30,36.847457627118644
X,2015-07-01,36.847457627118644
J,2015-07-02,36.847457627118644
V,2015-07-03,36.847457627118644
S,2015-07-04,36.847457627118644
D,2015-07-05,36.847457627118644
L,2015-07-06,36.847457627118644
M,2015-07-07,36.847457627118644
X,2015-07-08,36.847457627118644
J,2015-07-09,36.847457627118644
V,2015-07-10,36.847457627118644
S,2015-07-11,36.847457627118644
D,2015-07-12,36.847457627118644
L,2015-07-13,36.847457627118644
M,2015-07-14,36.847457627118644
X,2015-07-15,36.847457627118644
J,2015-07-16,36.847457627118644
V,2015-07-17,36.847457627118644
S,2015-07-18,36.847457627118644
D,2015-07-19,36.847457627118644
L,2015-07-20,36.847457627118644
M,2015-07-21,36.847457627118644
X,2015-07-22,36.847457627118644
J,2015-07-23,36.847457627118644
V,2015-07-24,36.847457627118644
S,2015-07-25,36.847457627118644
D,2015-07-26,36.847457627118644
L,2015-07-27,36.847457627118644
M,2015-07-28,36.847457627118644
X,2015-07-29,36.847457627118644
J,2015-07-30,36.847457627118644
V,2015-07-31,36.847457627118644
S,2015-08-01,36.847457627118644
D,2015-08-02,36.847457627118644
L,2015-08-03,36.847457627118644
M,2015-08-04,36.847457627118644
X,2015-08-05,36.847457627118644
J,2015-08-06,36.847457627118644
V,2015-08-07,36.847457627118644
S,2015-08-08,36.847457627118644
D,2015-08-09,36.847457627118644
L,2015-08-10,32.05263157894737
M,2015-08-11,32.05263157894737
X,2015-08-12,32.05263157894737
J,2015-08-13,32.05263157894737
V,2015-08-14,32.05263157894737
S,2015-08-15,32.05263157894737
D,2015-08-16,32.05263157894737
L,2015-08-17,32.05263157894737
M,2015-08-18,32.05263157894737
X,2015-08-19,32.05263157894737
J,2015-08-20,32.05263157894737
V,2015-08-21,32.05263157894737
S,2015-08-22,32.05263157894737
D,2015-08-23,32.05263157894737
L,2015-08-24,32.05263157894737
M,2015-08-25,32.05263157894737
X,2015-08-26,32.05263157894737
J,2015-08-27,32.05263157894737
V,2015-08-28,32.05263157894737
S,2015-08-29,32.05263157894737
D,2015-08-30,32.05263157894737
L,2015-08-31,32.05263157894737
M,2015-09-01,32.05263157894737
X,2015-09-02,32.05263157894737
J,2015-09-03,32.05263157894737
V,2015-09-04,32.05263157894737
S,2015-09-05,32.05263157894737
D,2015-09-06,32.05263157894737
L,2015-09-07,32.05263157894737
M,2015-09-08,32.05263157894737
X,2015-09-09,32.05263157894737
J,2015-09-10,32.05263157894737
V,2015-09-11,32.05263157894737
S,2015-09-12,32.05263157894737
D,2015-09-13,32.05263157894737
L,2015-09-14,32.05263157894737
M,2015-09-15,32.05263157894737
X,2015-09-16,32.05263157894737
J,2015-09-17,32.05263157894737
V,2015-09-18,32.05263157894737
S,2015-09-19,32.05263157894737
D,2015-09-20,32.05263157894737
L,2015-09-21,32.05263157894737
M,2015-09-22,32.05263157894737
X,2015-09-23,32.05263157894737
J,2015-09-24,32.05263157894737
V,2015-09-25,32.05263157894737
S,2015-09-26,32.05263157894737
D,2015-09-27,32.05263157894737
L,2015-09-28,32.05263157894737
M,2015-09-29,32.05263157894737
X,2015-09-30,32.05263157894737
J,2015-10-01,32.05263157894737
V,2015-10-02,32.05263157894737
S,2015-10-03,32.05263157894737
D,2015-10-04,32.05263157894737
L,2015-10-05,32.05263157894737
M,2015-10-06,38.898305084745765
X,2015-10-07,38.898305084745765
J,2015-10-08,38.898305084745765
V,2015-10-09,38.898305084745765
S,2015-10-10,38.898305084745765
D,2015-10-11,38.898305084745765
L,2015-10-12,38.898305084745765
M,2015-10-13,38.898305084745765
X,2015-10-14,38.898305084745765
J,2015-10-15,38.898305084745765
V,2015-10-16,38.898305084745765
S,2015-10-17,38.898305084745765
D,2015-10-18,38.898305084745765
L,2015-10-19,38.898305084745765
M,2015-10-20,38.898305084745765
X,2015-10-21,38.898305084745765
J,2015-10-22,38.898305084745765
V,2015-10-23,38.898305084745765
S,2015-10-24,38.898305084745765
D,2015-10-25,38.898305084745765
L,2015-10-26,38.898305084745765
M,2015-10-27,38.898305084745765
X,2015-10-28,38.898305084745765
J,2015-10-29,38.898305084745765
V,2015-10-30,38.898305084745765
S,2015-10-31,38.898305084745765
D,2015-11-01,38.898305084745765
L,2015-11-02,38.898305084745765
M,2015-11-03,38.898305084745765
X,2015-11-04,38.898305084745765
J,2015-11-05,38.898305084745765
V,2015-11-06,38.898305084745765
S,2015-11-07,38.898305084745765
D,2015-11-08,38.898305084745765
L,2015-11-09,38.898305084745765
M,2015-11-10,38.898305084745765
X,2015-11-11,38.898305084745765
J,2015-11-12,38.898305084745765
V,2015-11-13,38.898305084745765
S,2015-11-14,38.898305084745765
D,2015-11-15,38.898305084745765
L,2015-11-16,38.898305084745765
M,2015-11-17,38.898305084745765
X,2015-11-18,38.898305084745765
J,2015-11-19,38.898305084745765
V,2015-11-20,38.898305084745765
S,2015-11-21,38.898305084745765
D,2015-11-22,38.898305084745765
L,2015-11-23,38.898305084745765
M,2015-11-24,38.898305084745765
X,2015-11-25,38.898305084745765
J,2015-11-26,38.898305084745765
V,2015-11-27,38.898305084745765
S,2015-11-28,38.898305084745765
D,2015-11-29,38.898305084745765
L,2015-11-30,38.898305084745765
M,2015-12-01,38.898305084745765
X,2015-12-02,38.898305084745765
J,2015-12-03,38.898305084745765
V,2015-12-04,31.323529411764707
S,2015-12-05,31.323529411764707
D,2015-12-06,31.323529411764707
L,2015-12-07,31.323529411764707
M,2015-12-08,31.323529411764707
X,2015-12-09,31.323529411764707
J,2015-12-10,31.323529411764707
V,2015-12-11,31.323529411764707
S,2015-12-12,31.323529411764707
D,2015-12-13,31.323529411764707
L,2015-12-14,31.323529411764707
M,2015-12-15,31.323529411764707
X,2015-12-16,31.323529411764707
J,2015-12-17,31.323529411764707
V,2015-12-18,31.323529411764707
S,2015-12-19,31.323529411764707
D,2015-12-20,31.323529411764707
L,2015-12-21,31.323529411764707
M,2015-12-22,31.323529411764707
X,2015-12-23,31.323529411764707
J,2015-12-24,31.323529411764707
V,2015-12-25,31.323529411764707
S,2015-12-26,31.323529411764707
D,2015-12-27,31.323529411764707
L,2015-12-28,31.323529411764707
M,2015-12-29,31.323529411764707
X,2015-12-30,31.323529411764707
J,2015-12-31,31.323529411764707
V,2016-01-01,31.323529411764707
S,2016-01-02,31.323529411764707
D,2016-01-03,31.323529411764707
L,2016-01-04,31.323529411764707
M,2016-01-05,31.323529411764707
X,2016-01-06,31.323529411764707
J,2016-01-07,31.323529411764707
V,2016-01-08,31.323529411764707
S,2016-01-09,31.323529411764707
D,2016-01-10,31.323529411764707
L,2016-01-11,31.323529411764707
M,2016-01-12,31.323529411764707
X,2016-01-13,31.323529411764707
J,2016-01-14,31.323529411764707
V,2016-01-15,31.323529411764707
S,2016-01-16,31.323529411764707
D,2016-01-17,31.323529411764707
L,2016-01-18,31.323529411764707
M,2016-01-19,31.323529411764707
X,2016-01-20,31.323529411764707
J,2016-01-21,31.323529411764707
V,2016-01-22,31.323529411764707
S,2016-01-23,31.323529411764707
D,2016-01-24,31.323529411764707
L,2016-01-25,31.323529411764707
M,2016-01-26,31.323529411764707
X,2016-01-27,31.323529411764707
J,2016-01-28,31.323529411764707
V,2016-01-29,31.323529411764707
S,2016-01-30,31.323529411764707
D,2016-01-31,31.323529411764707
L,2016-02-01,31.323529411764707
M,2016-02-02,31.323529411764707
X,2016-02-03,31.323529411764707
J,2016-02-04,31.323529411764707
V,2016-02-05,31.323529411764707
S,2016-02-06,31.323529411764707
D,2016-02-07,31.323529411764707
L,2016-02-08,31.323529411764707
M,2016-02-09,31.323529411764707
X,2016-02-10,36.50819672131148
J,2016-02-11,36.50819672131148
V,2016-02-12,36.50819672131148
S,2016-02-13,36.50819672131148
D,2016-02-14,36.50819672131148
L,2016-02-15,36.50819672131148
M,2016-02-16,36.50819672131148
X,2016-02-17,36.50819672131148
J,2016-02-18,36.50819672131148
V,2016-02-19,36.50819672131148
S,2016-02-20,36.50819672131148
D,2016-02-21,36.50819672131148
L,2016-02-22,36.50819672131148
M,2016-02-23,36.50819672131148
X,2016-02-24,36.50819672131148
J,2016-02-25,36.50819672131148
V,2016-02-26,36.50819672131148
S,2016-02-27,36.50819672131148
D,2016-02-28,36.50819672131148
L,2016-02-29,36.50819672131148
M,2016-03-01,36.50819672131148
X,2016-03-02,36.50819672131148
J,2016-03-03,36.50819672131148
V,2016-03-04,36.50819672131148
S,2016-03-05,36.50819672131148
D,2016-03-06,36.50819672131148
L,2016-03-07,36.50819672131148
M,2016-03-08,36.50819672131148
X,2016-03-09,36.50819672131148
J,2016-03-10,36.50819672131148
V,2016-03-11,36.50819672131148
S,2016-03-12,36.50819672131148
D,2016-03-13,36.50819672131148
L,2016-03-14,36.50819672131148
M,2016-03-15,36.50819672131148
X,2016-03-16,36.50819672131148
J,2016-03-17,36.50819672131148
V,2016-03-18,36.50819672131148
S,2016-03-19,36.50819672131148
D,2016-03-20,36.50819672131148
L,2016-03-21,36.50819672131148
M,2016-03-22,36.50819672131148
X,2016-03-23,36.50819672131148
J,2016-03-24,36.50819672131148
V,2016-03-25,36.50819672131148
S,2016-03-26,36.50819672131148
D,2016-03-27,36.50819672131148
L,2016-03-28,36.50819672131148
M,2016-03-29,36.50819672131148
X,2016-03-30,36.50819672131148
J,2016-03-31,36.50819672131148
V,2016-04-01,36.50819672131148
S,2016-04-02,36.50819672131148
D,2016-04-03,36.50819672131148
L,2016-04-04,36.50819672131148
M,2016-04-05,36.50819672131148
X,2016-04-06,36.50819672131148
J,2016-04-07,36.50819672131148
V,2016-04-08,36.50819672131148
S,2016-04-09,36.50819672131148
D,2016-04-10,36.50819672131148
L,2016-04-11,38.932203389830505
M,2016-04-12,38.932203389830505
X,2016-04-13,38.932203389830505
J,2016-04-14,38.932203389830505
V,2016-04-15,38.932203389830505
S,2016-04-16,38.932203389830505
D,2016-04-17,38.932203389830505
L,2016-04-18,38.932203389830505
M,2016-04-19,38.932203389830505
X,2016-04-20,38.932203389830505
J,2016-04-21,38.932203389830505
V,2016-04-22,38.932203389830505
S,2016-04-23,38.932203389830505
D,2016-04-24,38.932203389830505
L,2016-04-25,38.932203389830505
M,2016-04-26,38.932203389830505
X,2016-04-27,38.932203389830505
J,2016-04-28,38.932203389830505
V,2016-04-29,38.932203389830505
S,2016-04-30,38.932203389830505
D,2016-05-01,38.932203389830505
L,2016-05-02,38.932203389830505
M,2016-05-03,38.932203389830505
X,2016-05-04,38.932203389830505
J,2016-05-05,38.932203389830505
V,2016-05-06,38.932203389830505
S,2016-05-07,38.932203389830505
D,2016-05-08,38.932203389830505
L,2016-05-09,38.932203389830505
M,2016-05-10,38.932203389830505
X,2016-05-11,38.932203389830505
J,2016-05-12,38.932203389830505
V,2016-05-13,38.932203389830505
S,2016-05-14,38.932203389830505
D,2016-05-15,38.932203389830505
L,2016-05-16,38.932203389830505
M,2016-05-17,38.932203389830505
X,2016-05-18,38.932203389830505
J,2016-05-19,38.932203389830505
V,2016-05-20,38.932203389830505
S,2016-05-21,38.932203389830505
D,2016-05-22,38.932203389830505
L,2016-05-23,38.932203389830505
M,2016-05-24,38.932203389830505
X,2016-05-25,38.932203389830505
J,2016-05-26,38.932203389830505
V,2016-05-27,38.932203389830505
S,2016-05-28,38.932203389830505
D,2016-05-29,38.932203389830505
L,2016-05-30,38.932203389830505
M,2016-05-31,38.932203389830505
X,2016-06-01,38.932203389830505
J,2016-06-02,38.932203389830505
V,2016-06-03,38.932203389830505
S,2016-06-04,38.932203389830505
D,2016-06-05,38.932203389830505
L,2016-06-06,38.932203389830505
M,2016-06-07,38.932203389830505
X,2016-06-08,38.932203389830505
J,2016-06-09,35.666666666666664
V,2016-06-10,35.666666666666664
S,2016-06-11,35.666666666666664
D,2016-06-12,35.666666666666664
L,2016-06-13,35.666666666666664
M,2016-06-14,35.666666666666664
X,2016-06-15,35.666666666666664
J,2016-06-16,35.666666666666664
V,2016-06-17,35.666666666666664
S,2016-06-18,35.666666666666664
D,2016-06-19,35.666666666666664
L,2016-06-20,35.666666666666664
M,2016-06-21,35.666666666666664
X,2016-06-22,35.666666666666664
J,2016-06-23,35.666666666666664
V,2016-06-24,35.666666666666664
S,2016-06-25,35.666666666666664
D,2016-06-26,35.666666666666664
L,2016-06-27,35.666666666666664
M,2016-06-28,35.666666666666664
X,2016-06-29,35.666666666666664
J,2016-06-30,35.666666666666664
V,2016-07-01,35.666666666666664
S,2016-07-02,35.666666666666664
D,2016-07-03,35.666666666666664
L,2016-07-04,35.666666666666664
M,2016-07-05,35.666666666666664
X,2016-07-06,35.666666666666664
J,2016-07-07,35.666666666666664
V,2016-07-08,35.666666666666664
S,2016-07-09,35.666666666666664
D,2016-07-10,35.666666666666664
L,2016-07-11,35.666666666666664
M,2016-07-12,35.666666666666664
X,2016-07-13,35.666666666666664
J,2016-07-14,35.666666666666664
V,2016-07-15,35.666666666666664
S,2016-07-16,35.666666666666664
D,2016-07-17,35.666666666666664
L,2016-07-18,35.666666666666664
M,2016-07-19,35.666666666666664
X,2016-07-20,35.666666666666664
J,2016-07-21,35.666666666666664
V,2016-07-22,35.666666666666664
S,2016-07-23,35.666666666666664
D,2016-07-24,35.666666666666664
L,2016-07-25,35.666666666666664
M,2016-07-26,35.666666666666664
X,2016-07-27,35.666666666666664
J,2016-07-28,35.666666666666664
V,2016-07-29,35.666666666666664
S,2016-07-30,35.666666666666664
D,2016-07-31,35.666666666666664
L,2016-08-01,35.666666666666664
M,2016-08-02,35.666666666666664
X,2016-08-03,35.666666666666664
J,2016-08-04,35.666666666666664
V,2016-08-05,35.666666666666664
S,2016-08-06,35.666666666666664
D,2016-08-07,35.666666666666664
L,2016-08-08,40.58620689655172
M,2016-08-09,40.58620689655172
X,2016-08-10,40.58620689655172
J,2016-08-11,40.58620689655172
V,2016-08-12,40.58620689655172
S,2016-08-13,40.58620689655172
D,2016-08-14,40.58620689655172
L,2016-08-15,40.58620689655172
M,2016-08-16,40.58620689655172
X,2016-08-17,40.58620689655172
J,2016-08-18,40.58620689655172
V,2016-08-19,40.58620689655172
S,2016-08-20,40.58620689655172
D,2016-08-21,40.58620689655172
L,2016-08-22,40.58620689655172
M,2016-08-23,40.58620689655172
X,2016-08-24,40.58620689655172
J,2016-08-25,40.58620689655172
V,2016-08-26,40.58620689655172
S,2016-08-27,40.58620689655172
D,2016-08-28,40.58620689655172
L,2016-08-29,40.58620689655172
M,2016-08-30,40.58620689655172
X,2016-08-31,40.58620689655172
J,2016-09-01,40.58620689655172
V,2016-09-02,40.58620689655172
S,2016-09-03,40.58620689655172
D,2016-09-04,40.58620689655172
L,2016-09-05,40.58620689655172
M,2016-09-06,40.58620689655172
X,2016-09-07,40.58620689655172
J,2016-09-08,40.58620689655172
V,2016-09-09,40.58620689655172
S,2016-09-10,40.58620689655172
D,2016-09-11,40.58620689655172
L,2016-09-12,40.58620689655172
M,2016-09-13,40.58620689655172
X,2016-09-14,40.58620689655172
J,2016-09-15,40.58620689655172
V,2016-09-16,40.58620689655172
S,2016-09-17,40.58620689655172
D,2016-09-18,40.58620689655172
L,2016-09-19,40.58620689655172
M,2016-09-20,40.58620689655172
X,2016-09-21,40.58620689655172
J,2016-09-22,40.58620689655172
V,2016-09-23,40.58620689655172
S,2016-09-24,40.58620689655172
D,2016-09-25,40.58620689655172
L,2016-09-26,40.58620689655172
M,2016-09-27,40.58620689655172
X,2016-09-28,40.58620689655172
J,2016-09-29,40.58620689655172
V,2016-09-30,40.58620689655172
S,2016-10-01,40.58620689655172
D,2016-10-02,40.58620689655172
L,2016-10-03,40.58620689655172
M,2016-10-04,40.58620689655172
X,2016-10-05,35.698412698412696
J,2016-10-06,35.698412698412696
V,2016-10-07,35.698412698412696
S,2016-10-08,35.698412698412696
D,2016-10-09,35.698412698412696
L,2016-10-10,35.698412698412696
M,2016-10-11,35.698412698412696
X,2016-10-12,35.698412698412696
J,2016-10-13,35.698412698412696
V,2016-10-14,35.698412698412696
S,2016-10-15,35.698412698412696
D,2016-10-16,35.698412698412696
L,2016-10-17,35.698412698412696
M,2016-10-18,35.698412698412696
X,2016-10-19,35.698412698412696
J,2016-10-20,35.698412698412696
V,2016-10-21,35.698412698412696
S,2016-10-22,35.698412698412696
D,2016-10-23,35.698412698412696
L,2016-10-24,35.698412698412696
M,2016-10-25,35.698412698412696
X,2016-10-26,35.698412698412696
J,2016-10-27,35.698412698412696
V,2016-10-28,35.698412698412696
S,2016-10-29,35.698412698412696
D,2016-10-30,35.698412698412696
L,2016-10-31,35.698412698412696
M,2016-11-01,35.698412698412696
X,2016-11-02,35.698412698412696
J,2016-11-03,35.698412698412696
V,2016-11-04,35.698412698412696
S,2016-11-05,35.698412698412696
D,2016-11-06,35.698412698412696
L,2016-11-07,35.698412698412696
M,2016-11-08,35.698412698412696
X,2016-11-09,35.698412698412696
J,2016-11-10,35.698412698412696
V,2016-11-11,35.698412698412696
S,2016-11-12,35.698412698412696
D,2016-11-13,35.698412698412696
L,2016-11-14,35.698412698412696
M,2016-11-15,35.698412698412696
X,2016-11-16,35.698412698412696
J,2016-11-17,35.698412698412696
V,2016-11-18,35.698412698412696
S,2016-11-19,35.698412698412696
D,2016-11-20,35.698412698412696
L,2016-11-21,35.698412698412696
M,2016-11-22,35.698412698412696
X,2016-11-23,35.698412698412696
J,2016-11-24,35.698412698412696
V,2016-11-25,35.698412698412696
S,2016-11-26,35.698412698412696
D,2016-11-27,35.698412698412696
L,2016-11-28,35.698412698412696
M,2016-11-29,35.698412698412696
X,2016-11-30,35.698412698412696
J,2016-12-01,35.698412698412696
V,2016-12-02,35.698412698412696
S,2016-12-03,35.698412698412696
D,2016-12-04,35.698412698412696
L,2016-12-05,35.698412698412696
M,2016-12-06,35.698412698412696
X,2016-12-07,27.661290322580644
J,2016-12-08,27.661290322580644
V,2016-12-09,27.661290322580644
S,2016-12-10,27.661290322580644
D,2016-12-11,27.661290322580644
L,2016-12-12,27.661290322580644
M,2016-12-13,27.661290322580644
X,2016-12-14,27.661290322580644
J,2016-12-15,27.661290322580644
V,2016-12-16,27.661290322580644
S,2016-12-17,27.661290322580644
D,2016-12-18,27.661290322580644
L,2016-12-19,27.661290322580644
M,2016-12-20,27.661290322580644
X,2016-12-21,27.661290322580644
J,2016-12-22,27.661290322580644
V,2016-12-23,27.661290322580644
S,2016-12-24,27.661290322580644
D,2016-12-25,27.661290322580644
L,2016-12-26,27.661290322580644
M,2016-12-27,27.661290322580644
X,2016-12-28,27.661290322580644
J,2016-12-29,27.661290322580644
V,2016-12-30,27.661290322580644
S,2016-12-31,27.661290322580644
D,2017-01-01,27.661290322580644
L,2017-01-02,27.661290322580644
M,2017-01-03,27.661290322580644
X,2017-01-04,27.661290322580644
J,2017-01-05,27.661290322580644
V,2017-01-06,27.661290322580644
S,2017-01-07,27.661290322580644
D,2017-01-08,27.661290322580644
L,2017-01-09,27.661290322580644
M,2017-01-10,27.661290322580644
X,2017-01-11,27.661290322580644
J,2017-01-12,27.661290322580644
V,2017-01-13,27.661290322580644
S,2017-01-14,27.661290322580644
D,2017-01-15,27.661290322580644
L,2017-01-16,27.661290322580644
M,2017-01-17,27.661290322580644
X,2017-01-18,27.661290322580644
J,2017-01-19,27.661290322580644
V,2017-01-20,27.661290322580644
S,2017-01-21,27.661290322580644
D,2017-01-22,27.661290322580644
L,2017-01-23,27.661290322580644
M,2017-01-24,27.661290322580644
X,2017-01-25,27.661290322580644
J,2017-01-26,27.661290322580644
V,2017-01-27,27.661290322580644
S,2017-01-28,27.661290322580644
D,2017-01-29,27.661290322580644
L,2017-01-30,27.661290322580644
M,2017-01-31,27.661290322580644
X,2017-02-01,27.661290322580644
J,2017-02-02,27.661290322580644
V,2017-02-03,27.661290322580644
S,2017-02-04,27.661290322580644
D,2017-02-05,27.661290322580644
L,2017-02-06,27.661290322580644
M,2017-02-07,38.08620689655172
X,2017-02-08,38.08620689655172
J,2017-02-09,38.08620689655172
V,2017-02-10,38.08620689655172
S,2017-02-11,38.08620689655172
D,2017-02-12,38.08620689655172
L,2017-02-13,38.08620689655172
M,2017-02-14,38.08620689655172
X,2017-02-15,38.08620689655172
J,2017-02-16,38.08620689655172
V,2017-02-17,38.08620689655172
S,2017-02-18,38.08620689655172
D,2017-02-19,38.08620689655172
L,2017-02-20,38.08620689655172
M,2017-02-21,38.08620689655172
X,2017-02-22,38.08620689655172
J,2017-02-23,38.08620689655172
V,2017-02-24,38.08620689655172
S,2017-02-25,38.08620689655172
D,2017-02-26,38.08620689655172
L,2017-02-27,38.08620689655172
M,2017-02-28,38.08620689655172
X,2017-03-01,38.08620689655172
J,2017-03-02,38.08620689655172
V,2017-03-03,38.08620689655172
S,2017-03-04,38.08620689655172
D,2017-03-05,38.08620689655172
L,2017-03-06,38.08620689655172
M,2017-03-07,38.08620689655172
X,2017-03-08,38.08620689655172
J,2017-03-09,38.08620689655172
V,2017-03-10,38.08620689655172
S,2017-03-11,38.08620689655172
D,2017-03-12,38.08620689655172
L,2017-03-13,38.08620689655172
M,2017-03-14,38.08620689655172
X,2017-03-15,38.08620689655172
J,2017-03-16,38.08620689655172
V,2017-03-17,38.08620689655172
S,2017-03-18,38.08620689655172
D,2017-03-19,38.08620689655172
L,2017-03-20,38.08620689655172
M,2017-03-21,38.08620689655172
X,2017-03-22,38.08620689655172
J,2017-03-23,38.08620689655172
V,2017-03-24,38.08620689655172
S,2017-03-25,38.08620689655172
D,2017-03-26,38.08620689655172
L,2017-03-27,38.08620689655172
M,2017-03-28,38.08620689655172
X,2017-03-29,38.08620689655172
J,2017-03-30,38.08620689655172
V,2017-03-31,38.08620689655172
S,2017-04-01,38.08620689655172
D,2017-04-02,38.08620689655172
L,2017-04-03,38.08620689655172
M,2017-04-04,38.08620689655172
X,2017-04-05,38.08620689655172
J,2017-04-06,105.875
V,2017-04-07,105.875
S,2017-04-08,105.875
D,2017-04-09,105.875
L,2017-04-10,105.875
M,2017-04-11,105.875
X,2017-04-12,105.875
J,2017-04-13,105.875
V,2017-04-14,105.875
S,2017-04-15,105.875
D,2017-04-16,105.875
L,2017-04-17,105.875
M,2017-04-18,105.875
X,2017-04-19,105.875
J,2017-04-20,105.875
V,2017-04-21,105.875
S,2017-04-22,105.875
D,2017-04-23,105.875
L,2017-04-24,105.875
M,2017-04-25,105.875
X,2017-04-26,105.875
J,2017-04-27,105.875
V,2017-04-28,105.875
S,2017-04-29,105.875
D,2017-04-30,105.875
L,2017-05-01,105.875
M,2017-05-02,105.875
X,2017-05-03,105.875
J,2017-05-04,105.875
V,2017-05-05,105.875
S,2017-05-06,105.875
D,2017-05-07,105.875
L,2017-05-08,105.875
M,2017-05-09,105.875
X,2017-05-10,105.875
J,2017-05-11,105.875
V,2017-05-12,105.875
S,2017-05-13,105.875
D,2017-05-14,105.875
L,2017-05-15,105.875
M,2017-05-16,105.875
X,2017-05-17,105.875
J,2017-05-18,105.875
V,2017-05-19,105.875
S,2017-05-20,105.875
D,2017-05-21,105.875
L,2017-05-22,105.875
M,2017-05-23,105.875
X,2017-05-24,105.875
J,2017-05-25,105.875
V,2017-05-26,105.875
S,2017-05-27,105.875
D,2017-05-28,105.875
L,2017-05-29,105.875
M,2017-05-30,105.875
X,2017-05-31,105.875
J,2017-06-01,105.875
V,2017-06-02,105.875
S,2017-06-03,105.875
D,2017-06-04,105.875
L,2017-06-05,105.875
M,2017-06-06,105.875
X,2017-06-07,105.875
J,2017-06-08,105.875
V,2017-06-09,71.98305084745763
S,2017-06-10,71.98305084745763
D,2017-06-11,71.98305084745763
L,2017-06-12,71.98305084745763
M,2017-06-13,71.98305084745763
X,2017-06-14,71.98305084745763
J,2017-06-15,71.98305084745763
V,2017-06-16,71.98305084745763
S,2017-06-17,71.98305084745763
D,2017-06-18,71.98305084745763
L,2017-06-19,71.98305084745763
M,2017-06-20,71.98305084745763
X,2017-06-21,71.98305084745763
J,2017-06-22,71.98305084745763
V,2017-06-23,71.98305084745763
S,2017-06-24,71.98305084745763
D,2017-06-25,71.98305084745763
L,2017-06-26,71.98305084745763
M,2017-06-27,71.98305084745763
X,2017-06-28,71.98305084745763
J,2017-06-29,71.98305084745763
V,2017-06-30,71.98305084745763
S,2017-07-01,71.98305084745763
D,2017-07-02,71.98305084745763
L,2017-07-03,71.98305084745763
M,2017-07-04,71.98305084745763
X,2017-07-05,71.98305084745763
J,2017-07-06,71.98305084745763
V,2017-07-07,71.98305084745763
S,2017-07-08,71.98305084745763
D,2017-07-09,71.98305084745763
L,2017-07-10,71.98305084745763
M,2017-07-11,71.98305084745763
X,2017-07-12,71.98305084745763
J,2017-07-13,71.98305084745763
V,2017-07-14,71.98305084745763
S,2017-07-15,71.98305084745763
D,2017-07-16,71.98305084745763
L,2017-07-17,71.98305084745763
M,2017-07-18,71.98305084745763
X,2017-07-19,71.98305084745763
J,2017-07-20,71.98305084745763
V,2017-07-21,71.98305084745763
S,2017-07-22,71.98305084745763
D,2017-07-23,71.98305084745763
L,2017-07-24,71.98305084745763
M,2017-07-25,71.98305084745763
X,2017-07-26,71.98305084745763
J,2017-07-27,71.98305084745763
V,2017-07-28,71.98305084745763
S,2017-07-29,71.98305084745763
D,2017-07-30,71.98305084745763
L,2017-07-31,71.98305084745763
M,2017-08-01,71.98305084745763
X,2017-08-02,71.98305084745763
J,2017-08-03,71.98305084745763
V,2017-08-04,71.98305084745763
S,2017-08-05,71.98305084745763
D,2017-08-06,71.98305084745763
L,2017-08-07,62.05172413793103
M,2017-08-08,62.05172413793103
X,2017-08-09,62.05172413793103
J,2017-08-10,62.05172413793103
V,2017-08-11,62.05172413793103
S,2017-08-12,62.05172413793103
D,2017-08-13,62.05172413793103
L,2017-08-14,62.05172413793103
M,2017-08-15,62.05172413793103
X,2017-08-16,62.05172413793103
J,2017-08-17,62.05172413793103
V,2017-08-18,62.05172413793103
S,2017-08-19,62.05172413793103
D,2017-08-20,62.05172413793103
L,2017-08-21,62.05172413793103
M,2017-08-22,62.05172413793103
X,2017-08-23,62.05172413793103
J,2017-08-24,62.05172413793103
V,2017-08-25,62.05172413793103
S,2017-08-26,62.05172413793103
D,2017-08-27,62.05172413793103
L,2017-08-28,62.05172413793103
M,2017-08-29,62.05172413793103
X,2017-08-30,62.05172413793103
J,2017-08-31,62.05172413793103
V,2017-09-01,62.05172413793103
S,2017-09-02,62.05172413793103
D,2017-09-03,62.05172413793103
L,2017-09-04,62.05172413793103
M,2017-09-05,62.05172413793103
X,2017-09-06,62.05172413793103
J,2017-09-07,62.05172413793103
V,2017-09-08,62.05172413793103
S,2017-09-09,62.05172413793103
D,2017-09-10,62.05172413793103
L,2017-09-11,62.05172413793103
M,2017-09-12,62.05172413793103
X,2017-09-13,62.05172413793103
J,2017-09-14,62.05172413793103
V,2017-09-15,62.05172413793103
S,2017-09-16,62.05172413793103
D,2017-09-17,62.05172413793103
L,2017-09-18,62.05172413793103
M,2017-09-19,62.05172413793103
X,2017-09-20,62.05172413793103
J,2017-09-21,62.05172413793103
V,2017-09-22,62.05172413793103
S,2017-09-23,62.05172413793103
D,2017-09-24,62.05172413793103
L,2017-09-25,62.05172413793103
M,2017-09-26,62.05172413793103
X,2017-09-27,62.05172413793103
J,2017-09-28,62.05172413793103
V,2017-09-29,62.05172413793103
S,2017-09-30,62.05172413793103
D,2017-10-01,62.05172413793103
L,2017-10-02,62.05172413793103
M,2017-10-03,62.05172413793103
X,2017-10-04,63.95161290322581
J,2017-10-05,63.95161290322581
V,2017-10-06,63.95161290322581
S,2017-10-07,63.95161290322581
D,2017-10-08,63.95161290322581
L,2017-10-09,63.95161290322581
M,2017-10-10,63.95161290322581
X,2017-10-11,63.95161290322581
J,2017-10-12,63.95161290322581
V,2017-10-13,63.95161290322581
S,2017-10-14,63.95161290322581
D,2017-10-15,63.95161290322581
L,2017-10-16,63.95161290322581
M,2017-10-17,63.95161290322581
X,2017-10-18,63.95161290322581
J,2017-10-19,63.95161290322581
V,2017-10-20,63.95161290322581
S,2017-10-21,63.95161290322581
D,2017-10-22,63.95161290322581
L,2017-10-23,63.95161290322581
M,2017-10-24,63.95161290322581
X,2017-10-25,63.95161290322581
J,2017-10-26,63.95161290322581
V,2017-10-27,63.95161290322581
S,2017-10-28,63.95161290322581
D,2017-10-29,63.95161290322581
L,2017-10-30,63.95161290322581
M,2017-10-31,63.95161290322581
X,2017-11-01,63.95161290322581
J,2017-11-02,63.95161290322581
V,2017-11-03,63.95161290322581
S,2017-11-04,63.95161290322581
D,2017-11-05,63.95161290322581
L,2017-11-06,63.95161290322581
M,2017-11-07,63.95161290322581
X,2017-11-08,63.95161290322581
J,2017-11-09,63.95161290322581
V,2017-11-10,63.95161290322581
S,2017-11-11,63.95161290322581
D,2017-11-12,63.95161290322581
L,2017-11-13,63.95161290322581
M,2017-11-14,63.95161290322581
X,2017-11-15,63.95161290322581
J,2017-11-16,63.95161290322581
V,2017-11-17,63.95161290322581
S,2017-11-18,63.95161290322581
D,2017-11-19,63.95161290322581
L,2017-11-20,63.95161290322581
M,2017-11-21,63.95161290322581
X,2017-11-22,63.95161290322581
J,2017-11-23,63.95161290322581
V,2017-11-24,63.95161290322581
S,2017-11-25,63.95161290322581
D,2017-11-26,63.95161290322581
L,2017-11-27,63.95161290322581
M,2017-11-28,63.95161290322581
X,2017-11-29,63.95161290322581
J,2017-11-30,63.95161290322581
V,2017-12-01,63.95161290322581
S,2017-12-02,63.95161290322581
D,2017-12-03,63.95161290322581
L,2017-12-04,63.95161290322581
M,2017-12-05,31.73015873015873
X,2017-12-06,31.73015873015873
J,2017-12-07,31.73015873015873
V,2017-12-08,31.73015873015873
S,2017-12-09,31.73015873015873
D,2017-12-10,31.73015873015873
L,2017-12-11,31.73015873015873
M,2017-12-12,31.73015873015873
X,2017-12-13,31.73015873015873
J,2017-12-14,31.73015873015873
V,2017-12-15,31.73015873015873
S,2017-12-16,31.73015873015873
D,2017-12-17,31.73015873015873
L,2017-12-18,31.73015873015873
M,2017-12-19,31.73015873015873
X,2017-12-20,31.73015873015873
J,2017-12-21,31.73015873015873
V,2017-12-22,31.73015873015873
S,2017-12-23,31.73015873015873
D,2017-12-24,31.73015873015873
L,2017-12-25,31.73015873015873
M,2017-12-26,31.73015873015873
X,2017-12-27,31.73015873015873
J,2017-12-28,31.73015873015873
V,2017-12-29,31.73015873015873
S,2017-12-30,31.73015873015873
D,2017-12-31,31.73015873015873
L,2018-01-01,31.73015873015873
M,2018-01-02,31.73015873015873
X,2018-01-03,31.73015873015873
J,2018-01-04,31.73015873015873
V,2018-01-05,31.73015873015873
S,2018-01-06,31.73015873015873
D,2018-01-07,31.73015873015873
L,2018-01-08,31.73015873015873
M,2018-01-09,31.73015873015873
X,2018-01-10,31.73015873015873
J,2018-01-11,31.73015873015873
V,2018-01-12,31.73015873015873
S,2018-01-13,31.73015873015873
D,2018-01-14,31.73015873015873
L,2018-01-15,31.73015873015873
M,2018-01-16,31.73015873015873
X,2018-01-17,31.73015873015873
J,2018-01-18,31.73015873015873
V,2018-01-19,31.73015873015873
S,2018-01-20,31.73015873015873
D,2018-01-21,31.73015873015873
L,2018-01-22,31.73015873015873
M,2018-01-23,31.73015873015873
X,2018-01-24,31.73015873015873
J,2018-01-25,31.73015873015873
V,2018-01-26,31.73015873015873
S,2018-01-27,31.73015873015873
D,2018-01-28,31.73015873015873
L,2018-01-29,31.73015873015873
M,2018-01-30,31.73015873015873
X,2018-01-31,31.73015873015873
J,2018-02-01,31.73015873015873
V,2018-02-02,31.73015873015873
S,2018-02-03,31.73015873015873
D,2018-02-04,31.73015873015873
L,2018-02-05,31.73015873015873
M,2018-02-06,39.67796610169491
X,2018-02-07,39.67796610169491
J,2018-02-08,39.67796610169491
V,2018-02-09,39.67796610169491
S,2018-02-10,39.67796610169491
D,2018-02-11,39.67796610169491
L,2018-02-12,39.67796610169491
M,2018-02-13,39.67796610169491
X,2018-02-14,39.67796610169491
J,2018-02-15,39.67796610169491
V,2018-02-16,39.67796610169491
S,2018-02-17,39.67796610169491
D,2018-02-18,39.67796610169491
L,2018-02-19,39.67796610169491
M,2018-02-20,39.67796610169491
X,2018-02-21,39.67796610169491
J,2018-02-22,39.67796610169491
V,2018-02-23,39.67796610169491
S,2018-02-24,39.67796610169491
D,2018-02-25,39.67796610169491
L,2018-02-26,39.67796610169491
M,2018-02-27,39.67796610169491
X,2018-02-28,39.67796610169491
J,2018-03-01,39.67796610169491
V,2018-03-02,39.67796610169491
S,2018-03-03,39.67796610169491
D,2018-03-04,39.67796610169491
L,2018-03-05,39.67796610169491
M,2018-03-06,39.67796610169491
X,2018-03-07,39.67796610169491
J,2018-03-08,39.67796610169491
V,2018-03-09,39.67796610169491
S,2018-03-10,39.67796610169491
D,2018-03-11,39.67796610169491
L,2018-03-12,39.67796610169491
M,2018-03-13,39.67796610169491
X,2018-03-14,39.67796610169491
J,2018-03-15,39.67796610169491
V,2018-03-16,39.67796610169491
S,2018-03-17,39.67796610169491
D,2018-03-18,39.67796610169491
L,2018-03-19,39.67796610169491
M,2018-03-20,39.67796610169491
X,2018-03-21,39.67796610169491
J,2018-03-22,39.67796610169491
V,2018-03-23,39.67796610169491
S,2018-03-24,39.67796610169491
D,2018-03-25,39.67796610169491
L,2018-03-26,39.67796610169491
M,2018-03-27,39.67796610169491
X,2018-03-28,39.67796610169491
J,2018-03-29,39.67796610169491
V,2018-03-30,39.67796610169491
S,2018-03-31,39.67796610169491
D,2018-04-01,39.67796610169491
L,2018-04-02,39.67796610169491
M,2018-04-03,39.67796610169491
X,2018-04-04,39.67796610169491
J,2018-04-05,39.67796610169491
V,2018-04-06,41.698412698412696
S,2018-04-07,41.698412698412696
D,2018-04-08,41.698412698412696
L,2018-04-09,41.698412698412696
M,2018-04-10,41.698412698412696
X,2018-04-11,41.698412698412696
J,2018-04-12,41.698412698412696
V,2018-04-13,41.698412698412696
S,2018-04-14,41.698412698412696
D,2018-04-15,41.698412698412696
L,2018-04-16,41.698412698412696
M,2018-04-17,41.698412698412696
X,2018-04-18,41.698412698412696
J,2018-04-19,41.698412698412696
V,2018-04-20,41.698412698412696
S,2018-04-21,41.698412698412696
D,2018-04-22,41.698412698412696
L,2018-04-23,41.698412698412696
M,2018-04-24,41.698412698412696
X,2018-04-25,41.698412698412696
J,2018-04-26,41.698412698412696
V,2018-04-27,41.698412698412696
S,2018-04-28,41.698412698412696
D,2018-04-29,41.698412698412696
L,2018-04-30,41.698412698412696
M,2018-05-01,41.698412698412696
X,2018-05-02,41.698412698412696
J,2018-05-03,41.698412698412696
V,2018-05-04,41.698412698412696
S,2018-05-05,41.698412698412696
D,2018-05-06,41.698412698412696
L,2018-05-07,41.698412698412696
M,2018-05-08,41.698412698412696
X,2018-05-09,41.698412698412696
J,2018-05-10,41.698412698412696
V,2018-05-11,41.698412698412696
S,2018-05-12,41.698412698412696
D,2018-05-13,41.698412698412696
L,2018-05-14,41.698412698412696
M,2018-05-15,41.698412698412696
X,2018-05-16,41.698412698412696
J,2018-05-17,41.698412698412696
V,2018-05-18,41.698412698412696
S,2018-05-19,41.698412698412696
D,2018-05-20,41.698412698412696
L,2018-05-21,41.698412698412696
M,2018-05-22,41.698412698412696
X,2018-05-23,41.698412698412696
J,2018-05-24,41.698412698412696
V,2018-05-25,41.698412698412696
S,2018-05-26,41.698412698412696
D,2018-05-27,41.698412698412696
L,2018-05-28,41.698412698412696
M,2018-05-29,41.698412698412696
X,2018-05-30,41.698412698412696
J,2018-05-31,41.698412698412696
V,2018-06-01,41.698412698412696
S,2018-06-02,41.698412698412696
D,2018-06-03,41.698412698412696
L,2018-06-04,41.698412698412696
M,2018-06-05,41.698412698412696
X,2018-06-06,41.698412698412696
J,2018-06-07,41.698412698412696
V,2018-06-08,31.52542372881356
S,2018-06-09,31.52542372881356
D,2018-06-10,31.52542372881356
L,2018-06-11,31.52542372881356
M,2018-06-12,31.52542372881356
X,2018-06-13,31.52542372881356
J,2018-06-14,31.52542372881356
V,2018-06-15,31.52542372881356
S,2018-06-16,31.52542372881356
D,2018-06-17,31.52542372881356
L,2018-06-18,31.52542372881356
M,2018-06-19,31.52542372881356
X,2018-06-20,31.52542372881356
J,2018-06-21,31.52542372881356
V,2018-06-22,31.52542372881356
S,2018-06-23,31.52542372881356
D,2018-06-24,31.52542372881356
L,2018-06-25,31.52542372881356
M,2018-06-26,31.52542372881356
X,2018-06-27,31.52542372881356
J,2018-06-28,31.52542372881356
V,2018-06-29,31.52542372881356
S,2018-06-30,31.52542372881356
D,2018-07-01,31.52542372881356
L,2018-07-02,31.52542372881356
M,2018-07-03,31.52542372881356
X,2018-07-04,31.52542372881356
J,2018-07-05,31.52542372881356
V,2018-07-06,31.52542372881356
S,2018-07-07,31.52542372881356
D,2018-07-08,31.52542372881356
L,2018-07-09,31.52542372881356
M,2018-07-10,31.52542372881356
X,2018-07-11,31.52542372881356
J,2018-07-12,31.52542372881356
V,2018-07-13,31.52542372881356
S,2018-07-14,31.52542372881356
D,2018-07-15,31.52542372881356
L,2018-07-16,31.52542372881356
M,2018-07-17,31.52542372881356
X,2018-07-18,31.52542372881356
J,2018-07-19,31.52542372881356
V,2018-07-20,31.52542372881356
S,2018-07-21,31.52542372881356
D,2018-07-22,31.52542372881356
L,2018-07-23,31.52542372881356
M,2018-07-24,31.52542372881356
X,2018-07-25,31.52542372881356
J,2018-07-26,31.52542372881356
V,2018-07-27,31.52542372881356
S,2018-07-28,31.52542372881356
D,2018-07-29,31.52542372881356
L,2018-07-30,31.52542372881356
M,2018-07-31,31.52542372881356
X,2018-08-01,31.52542372881356
J,2018-08-02,31.52542372881356
V,2018-08-03,31.52542372881356
S,2018-08-04,31.52542372881356
D,2018-08-05,31.52542372881356
L,2018-08-06,34.1551724137931
M,2018-08-07,34.1551724137931
X,2018-08-08,34.1551724137931
J,2018-08-09,34.1551724137931
V,2018-08-10,34.1551724137931
S,2018-08-11,34.1551724137931
D,2018-08-12,34.1551724137931
L,2018-08-13,34.1551724137931
M,2018-08-14,34.1551724137931
X,2018-08-15,34.1551724137931
J,2018-08-16,34.1551724137931
V,2018-08-17,34.1551724137931
S,2018-08-18,34.1551724137931
D,2018-08-19,34.1551724137931
L,2018-08-20,34.1551724137931
M,2018-08-21,34.1551724137931
X,2018-08-22,34.1551724137931
J,2018-08-23,34.1551724137931
V,2018-08-24,34.1551724137931
S,2018-08-25,34.1551724137931
D,2018-08-26,34.1551724137931
L,2018-08-27,34.1551724137931
M,2018-08-28,34.1551724137931
X,2018-08-29,34.1551724137931
J,2018-08-30,34.1551724137931
V,2018-08-31,34.1551724137931
S,2018-09-01,34.1551724137931
D,2018-09-02,34.1551724137931
L,2018-09-03,34.1551724137931
M,2018-09-04,34.1551724137931
X,2018-09-05,34.1551724137931
J,2018-09-06,34.1551724137931
V,2018-09-07,34.1551724137931
S,2018-09-08,34.1551724137931
D,2018-09-09,34.1551724137931
L,2018-09-10,34.1551724137931
M,2018-09-11,34.1551724137931
X,2018-09-12,34.1551724137931
J,2018-09-13,34.1551724137931
V,2018-09-14,34.1551724137931
S,2018-09-15,34.1551724137931
D,2018-09-16,34.1551724137931
L,2018-09-17,34.1551724137931
M,2018-09-18,34.1551724137931
X,2018-09-19,34.1551724137931
J,2018-09-20,34.1551724137931
V,2018-09-21,34.1551724137931
S,2018-09-22,34.1551724137931
D,2018-09-23,34.1551724137931
L,2018-09-24,34.1551724137931
M,2018-09-25,34.1551724137931
X,2018-09-26,34.1551724137931
J,2018-09-27,34.1551724137931
V,2018-09-28,34.1551724137931
S,2018-09-29,34.1551724137931
D,2018-09-30,34.1551724137931
L,2018-10-01,34.1551724137931
M,2018-10-02,34.1551724137931
X,2018-10-03,37.483870967741936
J,2018-10-04,37.483870967741936
V,2018-10-05,37.483870967741936
S,2018-10-06,37.483870967741936
D,2018-10-07,37.483870967741936
L,2018-10-08,37.483870967741936
M,2018-10-09,37.483870967741936
X,2018-10-10,37.483870967741936
J,2018-10-11,37.483870967741936
V,2018-10-12,37.483870967741936
S,2018-10-13,37.483870967741936
D,2018-10-14,37.483870967741936
L,2018-10-15,37.483870967741936
M,2018-10-16,37.483870967741936
X,2018-10-17,37.483870967741936
J,2018-10-18,37.483870967741936
V,2018-10-19,37.483870967741936
S,2018-10-20,37.483870967741936
D,2018-10-21,37.483870967741936
L,2018-10-22,37.483870967741936
M,2018-10-23,37.483870967741936
X,2018-10-24,37.483870967741936
J,2018-10-25,37.483870967741936
V,2018-10-26,37.483870967741936
S,2018-10-27,37.483870967741936
D,2018-10-28,37.483870967741936
L,2018-10-29,37.483870967741936
M,2018-10-30,37.483870967741936
X,2018-10-31,37.483870967741936
J,2018-11-01,37.483870967741936
V,2018-11-02,37.483870967741936
S,2018-11-03,37.483870967741936
D,2018-11-04,37.483870967741936
L,2018-11-05,37.483870967741936
M,2018-11-06,37.483870967741936
X,2018-11-07,37.483870967741936
J,2018-11-08,37.483870967741936
V,2018-11-09,37.483870967741936
S,2018-11-10,37.483870967741936
D,2018-11-11,37.483870967741936
L,2018-11-12,37.483870967741936
M,2018-11-13,37.483870967741936
X,2018-11-14,37.483870967741936
J,2018-11-15,37.483870967741936
V,2018-11-16,37.483870967741936
S,2018-11-17,37.483870967741936
D,2018-11-18,37.483870967741936
L,2018-11-19,37.483870967741936
M,2018-11-20,37.483870967741936
X,2018-11-21,37.483870967741936
J,2018-11-22,37.483870967741936
V,2018-11-23,37.483870967741936
S,2018-11-24,37.483870967741936
D,2018-11-25,37.483870967741936
L,2018-11-26,37.483870967741936
M,2018-11-27,37.483870967741936
X,2018-11-28,37.483870967741936
J,2018-11-29,37.483870967741936
V,2018-11-30,37.483870967741936
S,2018-12-01,37.483870967741936
D,2018-12-02,37.483870967741936
L,2018-12-03,37.483870967741936
M,2018-12-04,27.307692307692307
X,2018-12-05,27.307692307692307
J,2018-12-06,27.307692307692307
V,2018-12-07,27.307692307692307
S,2018-12-08,27.307692307692307
D,2018-12-09,27.307692307692307
L,2018-12-10,27.307692307692307
M,2018-12-11,27.307692307692307
X,2018-12-12,27.307692307692307
J,2018-12-13,27.307692307692307
V,2018-12-14,27.307692307692307
S,2018-12-15,27.307692307692307
D,2018-12-16,27.307692307692307
L,2018-12-17,27.307692307692307
M,2018-12-18,27.307692307692307
X,2018-12-19,27.307692307692307
J,2018-12-20,27.307692307692307
V,2018-12-21,27.307692307692307
S,2018-12-22,27.307692307692307
D,2018-12-23,27.307692307692307
L,2018-12-24,27.307692307692307
M,2018-12-25,27.307692307692307
X,2018-12-26,27.307692307692307
J,2018-12-27,27.307692307692307
V,2018-12-28,27.307692307692307
S,2018-12-29,27.307692307692307
D,2018-12-30,27.307692307692307
L,2018-12-31,27.307692307692307
M,2019-01-01,27.307692307692307
X,2019-01-02,27.307692307692307
J,2019-01-03,27.307692307692307
V,2019-01-04,27.307692307692307
S,2019-01-05,27.307692307692307
D,2019-01-06,27.307692307692307
L,2019-01-07,27.307692307692307
M,2019-01-08,27.307692307692307
X,2019-01-09,27.307692307692307
J,2019-01-10,27.307692307692307
V,2019-01-11,27.307692307692307
S,2019-01-12,27.307692307692307
D,2019-01-13,27.307692307692307
L,2019-01-14,27.307692307692307
M,2019-01-15,27.307692307692307
X,2019-01-16,27.307692307692307
J,2019-01-17,27.307692307692307
V,2019-01-18,27.307692307692307
S,2019-01-19,27.307692307692307
D,2019-01-20,27.307692307692307
L,2019-01-21,27.307692307692307
M,2019-01-22,27.307692307692307
X,2019-01-23,27.307692307692307
J,2019-01-24,27.307692307692307
V,2019-01-25,27.307692307692307
S,2019-01-26,27.307692307692307
D,2019-01-27,27.307692307692307
L,2019-01-28,27.307692307692307
M,2019-01-29,27.307692307692307
X,2019-01-30,27.307692307692307
J,2019-01-31,27.307692307692307
V,2019-02-01,27.307692307692307
S,2019-02-02,27.307692307692307
D,2019-02-03,27.307692307692307
L,2019-02-04,27.307692307692307
M,2019-02-05,27.307692307692307
X,2019-02-06,27.307692307692307
J,2019-02-07,36.78947368421053
V,2019-02-08,36.78947368421053
S,2019-02-09,36.78947368421053
D,2019-02-10,36.78947368421053
L,2019-02-11,36.78947368421053
M,2019-02-12,36.78947368421053
X,2019-02-13,36.78947368421053
J,2019-02-14,36.78947368421053
V,2019-02-15,36.78947368421053
S,2019-02-16,36.78947368421053
D,2019-02-17,36.78947368421053
L,2019-02-18,36.78947368421053
M,2019-02-19,36.78947368421053
X,2019-02-20,36.78947368421053
J,2019-02-21,36.78947368421053
V,2019-02-22,36.78947368421053
S,2019-02-23,36.78947368421053
D,2019-02-24,36.78947368421053
L,2019-02-25,36.78947368421053
M,2019-02-26,36.78947368421053
X,2019-02-27,36.78947368421053
J,2019-02-28,36.78947368421053
V,2019-03-01,36.78947368421053
S,2019-03-02,36.78947368421053
D,2019-03-03,36.78947368421053
L,2019-03-04,36.78947368421053
M,2019-03-05,36.78947368421053
X,2019-03-06,36.78947368421053
J,2019-03-07,36.78947368421053
V,2019-03-08,36.78947368421053
S,2019-03-09,36.78947368421053
D,2019-03-10,36.78947368421053
L,2019-03-11,36.78947368421053
M,2019-03-12,36.78947368421053
X,2019-03-13,36.78947368421053
J,2019-03-14,36.78947368421053
V,2019-03-15,36.78947368421053
S,2019-03-16,36.78947368421053
D,2019-03-17,36.78947368421053
L,2019-03-18,36.78947368421053
M,2019-03-19,36.78947368421053
X,2019-03-20,36.78947368421053
J,2019-03-21,36.78947368421053
V,2019-03-22,36.78947368421053
S,2019-03-23,36.78947368421053
D,2019-03-24,36.78947368421053
L,2019-03-25,36.78947368421053
M,2019-03-26,36.78947368421053
X,2019-03-27,36.78947368421053
J,2019-03-28,36.78947368421053
V,2019-03-29,36.78947368421053
S,2019-03-30,36.78947368421053
D,2019-03-31,36.78947368421053
L,2019-04-01,36.78947368421053
M,2019-04-02,36.78947368421053
X,2019-04-03,36.78947368421053
J,2019-04-04,36.78947368421053
V,2019-04-05,35.09090909090909
S,2019-04-06,35.09090909090909
D,2019-04-07,35.09090909090909
L,2019-04-08,35.09090909090909
M,2019-04-09,35.09090909090909
X,2019-04-10,35.09090909090909
J,2019-04-11,35.09090909090909
V,2019-04-12,35.09090909090909
S,2019-04-13,35.09090909090909
D,2019-04-14,35.09090909090909
L,2019-04-15,35.09090909090909
M,2019-04-16,35.09090909090909
X,2019-04-17,35.09090909090909
J,2019-04-18,35.09090909090909
V,2019-04-19,35.09090909090909
S,2019-04-20,35.09090909090909
D,2019-04-21,35.09090909090909
L,2019-04-22,35.09090909090909
M,2019-04-23,35.09090909090909
X,2019-04-24,35.09090909090909
J,2019-04-25,35.09090909090909
V,2019-04-26,35.09090909090909
S,2019-04-27,35.09090909090909
D,2019-04-28,35.09090909090909
L,2019-04-29,35.09090909090909
M,2019-04-30,35.09090909090909
X,2019-05-01,35.09090909090909
J,2019-05-02,35.09090909090909
V,2019-05-03,35.09090909090909
S,2019-05-04,35.09090909090909
D,2019-05-05,35.09090909090909
L,2019-05-06,35.09090909090909
M,2019-05-07,35.09090909090909
X,2019-05-08,35.09090909090909
J,2019-05-09,35.09090909090909
V,2019-05-10,35.09090909090909
S,2019-05-11,35.09090909090909
D,2019-05-12,35.09090909090909
L,2019-05-13,35.09090909090909
M,2019-05-14,35.09090909090909
X,2019-05-15,35.09090909090909
J,2019-05-16,35.09090909090909
V,2019-05-17,35.09090909090909
S,2019-05-18,35.09090909090909
D,2019-05-19,35.09090909090909
L,2019-05-20,35.09090909090909
M,2019-05-21,35.09090909090909
X,2019-05-22,35.09090909090909
J,2019-05-23,35.09090909090909
V,2019-05-24,35.09090909090909
S,2019-05-25,35.09090909090909
D,2019-05-26,35.09090909090909
L,2019-05-27,35.09090909090909
M,2019-05-28,35.09090909090909
X,2019-05-29,35.09090909090909
J,2019-05-30,35.09090909090909
V,2019-05-31,35.09090909090909
S,2019-06-01,35.09090909090909
D,2019-06-02,35.09090909090909
L,2019-06-03,35.09090909090909
M,2019-06-04,35.09090909090909
X,2019-06-05,35.09090909090909
J,2019-06-06,35.09090909090909
V,2019-06-07,35.09090909090909
S,2019-06-08,35.09090909090909
D,2019-06-09,35.09090909090909
L,2019-06-10,31.92982456140351
M,2019-06-11,31.92982456140351
X,2019-06-12,31.92982456140351
J,2019-06-13,31.92982456140351
V,2019-06-14,31.92982456140351
S,2019-06-15,31.92982456140351
D,2019-06-16,31.92982456140351
L,2019-06-17,31.92982456140351
M,2019-06-18,31.92982456140351
X,2019-06-19,31.92982456140351
J,2019-06-20,31.92982456140351
V,2019-06-21,31.92982456140351
S,2019-06-22,31.92982456140351
D,2019-06-23,31.92982456140351
L,2019-06-24,31.92982456140351
M,2019-06-25,31.92982456140351
X,2019-06-26,31.92982456140351
J,2019-06-27,31.92982456140351
V,2019-06-28,31.92982456140351
S,2019-06-29,31.92982456140351
D,2019-06-30,31.92982456140351
L,2019-07-01,31.92982456140351
M,2019-07-02,31.92982456140351
X,2019-07-03,31.92982456140351
J,2019-07-04,31.92982456140351
V,2019-07-05,31.92982456140351
S,2019-07-06,31.92982456140351
D,2019-07-07,31.92982456140351
L,2019-07-08,31.92982456140351
M,2019-07-09,31.92982456140351
X,2019-07-10,31.92982456140351
J,2019-07-11,31.92982456140351
V,2019-07-12,31.92982456140351
S,2019-07-13,31.92982456140351
D,2019-07-14,31.92982456140351
L,2019-07-15,31.92982456140351
M,2019-07-16,31.92982456140351
X,2019-07-17,31.92982456140351
J,2019-07-18,31.92982456140351
V,2019-07-19,31.92982456140351
S,2019-07-20,31.92982456140351
D,2019-07-21,31.92982456140351
L,2019-07-22,31.92982456140351
M,2019-07-23,31.92982456140351
X,2019-07-24,31.92982456140351
J,2019-07-25,31.92982456140351
V,2019-07-26,31.92982456140351
S,2019-07-27,31.92982456140351
D,2019-07-28,31.92982456140351
L,2019-07-29,31.92982456140351
M,2019-07-30,31.92982456140351
X,2019-07-31,31.92982456140351
J,2019-08-01,31.92982456140351
V,2019-08-02,31.92982456140351
S,2019-08-03,31.92982456140351
D,2019-08-04,31.92982456140351
L,2019-08-05,31.92982456140351
M,2019-08-06,38.59322033898305
X,2019-08-07,38.59322033898305
J,2019-08-08,38.59322033898305
V,2019-08-09,38.59322033898305
S,2019-08-10,38.59322033898305
D,2019-08-11,38.59322033898305
L,2019-08-12,38.59322033898305
M,2019-08-13,38.59322033898305
X,2019-08-14,38.59322033898305
J,2019-08-15,38.59322033898305
V,2019-08-16,38.59322033898305
S,2019-08-17,38.59322033898305
D,2019-08-18,38.59322033898305
L,2019-08-19,38.59322033898305
M,2019-08-20,38.59322033898305
X,2019-08-21,38.59322033898305
J,2019-08-22,38.59322033898305
V,2019-08-23,38.59322033898305
S,2019-08-24,38.59322033898305
D,2019-08-25,38.59322033898305
L,2019-08-26,38.59322033898305
M,2019-08-27,38.59322033898305
X,2019-08-28,38.59322033898305
J,2019-08-29,38.59322033898305
V,2019-08-30,38.59322033898305
S,2019-08-31,38.59322033898305
D,2019-09-01,38.59322033898305
L,2019-09-02,38.59322033898305
M,2019-09-03,38.59322033898305
X,2019-09-04,38.59322033898305
J,2019-09-05,38.59322033898305
V,2019-09-06,38.59322033898305
S,2019-09-07,38.59322033898305
D,2019-09-08,38.59322033898305
L,2019-09-09,38.59322033898305
M,2019-09-10,38.59322033898305
X,2019-09-11,38.59322033898305
J,2019-09-12,38.59322033898305
V,2019-09-13,38.59322033898305
S,2019-09-14,38.59322033898305
D,2019-09-15,38.59322033898305
L,2019-09-16,38.59322033898305
M,2019-09-17,38.59322033898305
X,2019-09-18,38.59322033898305
J,2019-09-19,38.59322033898305
V,2019-09-20,38.59322033898305
S,2019-09-21,38.59322033898305
D,2019-09-22,38.59322033898305
L,2019-09-23,38.59322033898305
M,2019-09-24,38.59322033898305
X,2019-09-25,38.59322033898305
J,2019-09-26,38.59322033898305
V,2019-09-27,38.59322033898305
S,2019-09-28,38.59322033898305
D,2019-09-29,38.59322033898305
L,2019-09-30,38.59322033898305
M,2019-10-01,38.59322033898305
X,2019-10-02,38.59322033898305
J,2019-10-03,38.59322033898305
V,2019-10-04,38.833333333333336
S,2019-10-05,38.833333333333336
D,2019-10-06,38.833333333333336
L,2019-10-07,38.833333333333336
M,2019-10-08,38.833333333333336
X,2019-10-09,38.833333333333336
J,2019-10-10,38.833333333333336
V,2019-10-11,38.833333333333336
S,2019-10-12,38.833333333333336
D,2019-10-13,38.833333333333336
L,2019-10-14,38.833333333333336
M,2019-10-15,38.833333333333336
X,2019-10-16,38.833333333333336
J,2019-10-17,38.833333333333336
V,2019-10-18,38.833333333333336
S,2019-10-19,38.833333333333336
D,2019-10-20,38.833333333333336
L,2019-10-21,38.833333333333336
M,2019-10-22,38.833333333333336
X,2019-10-23,38.833333333333336
J,2019-10-24,38.833333333333336
V,2019-10-25,38.833333333333336
S,2019-10-26,38.833333333333336
D,2019-10-27,38.833333333333336
L,2019-10-28,38.833333333333336
M,2019-10-29,38.833333333333336
X,2019-10-30,38.833333333333336
J,2019-10-31,38.833333333333336
V,2019-11-01,38.833333333333336
S,2019-11-02,38.833333333333336
D,2019-11-03,38.833333333333336
L,2019-11-04,38.833333333333336
M,2019-11-05,38.833333333333336
X,2019-11-06,38.833333333333336
J,2019-11-07,38.833333333333336
V,2019-11-08,38.833333333333336
S,2019-11-09,38.833333333333336
D,2019-11-10,38.833333333333336
L,2019-11-11,38.833333333333336
M,2019-11-12,38.833333333333336
X,2019-11-13,38.833333333333336
J,2019-11-14,38.833333333333336
V,2019-11-15,38.833333333333336
S,2019-11-16,38.833333333333336
D,2019-11-17,38.833333333333336
L,2019-11-18,38.833333333333336
M,2019-11-19,38.833333333333336
X,2019-11-20,38.833333333333336
J,2019-11-21,38.833333333333336
V,2019-11-22,38.833333333333336
S,2019-11-23,38.833333333333336
D,2019-11-24,38.833333333333336
L,2019-11-25,38.833333333333336
M,2019-11-26,38.833333333333336
X,2019-11-27,38.833333333333336
J,2019-11-28,38.833333333333336
V,2019-11-29,38.833333333333336
S,2019-11-30,38.833333333333336
D,2019-12-01,38.833333333333336
L,2019-12-02,38.833333333333336
M,2019-12-03,18.333333333333332
X,2019-12-04,18.333333333333332
J,2019-12-05,18.333333333333332
V,2019-12-06,18.333333333333332
S,2019-12-07,18.333333333333332
D,2019-12-08,18.333333333333332
L,2019-12-09,18.333333333333332
M,2019-12-10,18.333333333333332
X,2019-12-11,18.333333333333332
J,2019-12-12,18.333333333333332
V,2019-12-13,18.333333333333332
S,2019-12-14,18.333333333333332
D,2019-12-15,18.333333333333332
L,2019-12-16,18.333333333333332
M,2019-12-17,18.333333333333332
X,2019-12-18,18.333333333333332
J,2019-12-19,18.333333333333332
V,2019-12-20,18.333333333333332
S,2019-12-21,18.333333333333332
D,2019-12-22,18.333333333333332
L,2019-12-23,18.333333333333332
M,2019-12-24,18.333333333333332
X,2019-12-25,18.333333333333332
J,2019-12-26,18.333333333333332
V,2019-12-27,18.333333333333332
S,2019-12-28,18.333333333333332
D,2019-12-29,18.333333333333332
L,2019-12-30,18.333333333333332
M,2019-12-31,18.333333333333332
X,2020-01-01,18.333333333333332
J,2020-01-02,18.333333333333332
V,2020-01-03,18.333333333333332
S,2020-01-04,18.333333333333332
D,2020-01-05,18.333333333333332
L,2020-01-06,18.333333333333332
M,2020-01-07,18.333333333333332
X,2020-01-08,18.333333333333332
J,2020-01-09,18.333333333333332
V,2020-01-10,18.333333333333332
S,2020-01-11,18.333333333333332
D,2020-01-12,18.333333333333332
L,2020-01-13,18.333333333333332
M,2020-01-14,18.333333333333332
X,2020-01-15,18.333333333333332
J,2020-01-16,18.333333333333332
V,2020-01-17,18.333333333333332
S,2020-01-18,18.333333333333332
D,2020-01-19,18.333333333333332
L,2020-01-20,18.333333333333332
M,2020-01-21,18.333333333333332
X,2020-01-22,18.333333333333332
J,2020-01-23,18.333333333333332
V,2020-01-24,18.333333333333332
S,2020-01-25,18.333333333333332
D,2020-01-26,18.333333333333332
L,2020-01-27,18.333333333333332
M,2020-01-28,18.333333333333332
X,2020-01-29,18.333333333333332
J,2020-01-30,18.333333333333332
V,2020-01-31,18.333333333333332
S,2020-02-01,18.333333333333332
D,2020-02-02,18.333333333333332
L,2020-02-03,18.333333333333332
M,2020-02-04,18.333333333333332
X,2020-02-05,18.333333333333332
J,2020-02-06,18.333333333333332
V,2020-02-07,38.08474576271186
S,2020-02-08,38.08474576271186
D,2020-02-09,38.08474576271186
L,2020-02-10,38.08474576271186
M,2020-02-11,38.08474576271186
X,2020-02-12,38.08474576271186
J,2020-02-13,38.08474576271186
V,2020-02-14,38.08474576271186
S,2020-02-15,38.08474576271186
D,2020-02-16,38.08474576271186
L,2020-02-17,38.08474576271186
M,2020-02-18,38.08474576271186
X,2020-02-19,38.08474576271186
J,2020-02-20,38.08474576271186
V,2020-02-21,38.08474576271186
S,2020-02-22,38.08474576271186
D,2020-02-23,38.08474576271186
L,2020-02-24,38.08474576271186
M,2020-02-25,38.08474576271186
X,2020-02-26,38.08474576271186
J,2020-02-27,38.08474576271186
V,2020-02-28,38.08474576271186
S,2020-02-29,38.08474576271186
D,2020-03-01,38.08474576271186
L,2020-03-02,38.08474576271186
M,2020-03-03,38.08474576271186
X,2020-03-04,38.08474576271186
J,2020-03-05,38.08474576271186
V,2020-03-06,38.08474576271186
S,2020-03-07,38.08474576271186
D,2020-03-08,38.08474576271186
L,2020-03-09,38.08474576271186
M,2020-03-10,38.08474576271186
X,2020-03-11,38.08474576271186
J,2020-03-12,38.08474576271186
V,2020-03-13,38.08474576271186
S,2020-03-14,38.08474576271186
D,2020-03-15,38.08474576271186
L,2020-03-16,38.08474576271186
M,2020-03-17,38.08474576271186
X,2020-03-18,38.08474576271186
J,2020-03-19,38.08474576271186
V,2020-03-20,38.08474576271186
S,2020-03-21,38.08474576271186
D,2020-03-22,38.08474576271186
L,2020-03-23,38.08474576271186
M,2020-03-24,38.08474576271186
X,2020-03-25,38.08474576271186
J,2020-03-26,38.08474576271186
V,2020-03-27,38.08474576271186
S,2020-03-28,38.08474576271186
D,2020-03-29,38.08474576271186
L,2020-03-30,38.08474576271186
M,2020-03-31,38.08474576271186
X,2020-04-01,38.08474576271186
J,2020-04-02,38.08474576271186
V,2020-04-03,38.08474576271186
S,2020-04-04,38.08474576271186
D,2020-04-05,38.08474576271186
L,2020-04-06,31.203125
M,2020-04-07,31.203125
X,2020-04-08,31.203125
J,2020-04-09,31.203125
V,2020-04-10,31.203125
S,2020-04-11,31.203125
D,2020-04-12,31.203125
L,2020-04-13,31.203125
M,2020-04-14,31.203125
X,2020-04-15,31.203125
J,2020-04-16,31.203125
V,2020-04-17,31.203125
S,2020-04-18,31.203125
D,2020-04-19,31.203125
L,2020-04-20,31.203125
M,2020-04-21,31.203125
X,2020-04-22,31.203125
J,2020-04-23,31.203125
V,2020-04-24,31.203125
S,2020-04-25,31.203125
D,2020-04-26,31.203125
L,2020-04-27,31.203125
M,2020-04-28,31.203125
X,2020-04-29,31.203125
J,2020-04-30,31.203125
V,2020-05-01,31.203125
S,2020-05-02,31.203125
D,2020-05-03,31.203125
L,2020-05-04,31.203125
M,2020-05-05,31.203125
X,2020-05-06,31.203125
J,2020-05-07,31.203125
V,2020-05-08,31.203125
S,2020-05-09,31.203125
D,2020-05-10,31.203125
L,2020-05-11,31.203125
M,2020-05-12,31.203125
X,2020-05-13,31.203125
J,2020-05-14,31.203125
V,2020-05-15,31.203125
S,2020-05-16,31.203125
D,2020-05-17,31.203125
L,2020-05-18,31.203125
M,2020-05-19,31.203125
X,2020-05-20,31.203125
J,2020-05-21,31.203125
V,2020-05-22,31.203125
S,2020-05-23,31.203125
D,2020-05-24,31.203125
L,2020-05-25,31.203125
M,2020-05-26,31.203125
X,2020-05-27,31.203125
J,2020-05-28,31.203125
V,2020-05-29,31.203125
S,2020-05-30,31.203125
D,2020-05-31,31.203125
L,2020-06-01,31.203125
M,2020-06-02,31.203125
X,2020-06-03,31.203125
J,2020-06-04,31.203125
V,2020-06-05,31.203125
S,2020-06-06,31.203125
D,2020-06-07,31.203125
L,2020-06-08,31.203125
